{
  "id": "5e4b631d-013f-4bb8-98cc-34fdb82da1c4",
  "generation": 0,
  "iteration": 0,
  "current_iteration": 8,
  "metrics": {
    "combined_score": 0.8572,
    "miss_ratio_4": 0.359,
    "miss_ratio_45": 0.2413,
    "miss_ratio_450": 0.1428
  },
  "language": "python",
  "timestamp": 1763084980.004646,
  "saved_at": 1763085001.1367474
}