{
  "id": "938272dd-e69a-4b17-a387-91adbbc8610c",
  "generation": 3,
  "iteration": 49,
  "current_iteration": 75,
  "metrics": {
    "combined_score": 0.8575,
    "miss_ratio_4": 0.3613,
    "miss_ratio_45": 0.2367,
    "miss_ratio_450": 0.1425
  },
  "language": "python",
  "timestamp": 1763753404.7079632,
  "saved_at": 1763754017.7834117
}