{
  "id": "938272dd-e69a-4b17-a387-91adbbc8610c",
  "generation": 3,
  "iteration": 49,
  "timestamp": 1763753404.7079632,
  "parent_id": "5bc744d4-a3e4-4dfc-abb8-7a4b1221cbdb",
  "metrics": {
    "combined_score": 0.8575,
    "miss_ratio_4": 0.3613,
    "miss_ratio_45": 0.2367,
    "miss_ratio_450": 0.1425
  },
  "language": "python",
  "saved_at": 1763754633.100071
}