{
  "id": "0217125c-b34c-4ac3-b49d-7f725536f900",
  "generation": 2,
  "iteration": 3,
  "current_iteration": 2,
  "metrics": {
    "combined_score": -Infinity
  },
  "language": "python",
  "timestamp": 1763073728.7452688,
  "saved_at": 1763073798.6868885
}