{
  "id": "ec38a51b-e867-4bf0-ab31-616bc0a6dcd1",
  "generation": 0,
  "iteration": 0,
  "current_iteration": 38,
  "metrics": {
    "combined_score": 0.8572,
    "miss_ratio_4": 0.359,
    "miss_ratio_45": 0.2413,
    "miss_ratio_450": 0.1428
  },
  "language": "python",
  "timestamp": 1763752471.9937031,
  "saved_at": 1763753108.106345
}