{
  "id": "0f6ba557-6787-4c1b-9c7a-647f20cc6179",
  "generation": 0,
  "iteration": 0,
  "current_iteration": 100,
  "metrics": {
    "combined_score": -Infinity
  },
  "language": "python",
  "timestamp": 1763060264.5785267,
  "saved_at": 1763061025.9422235
}