{
  "id": "04afd0ec-0deb-4011-ae21-1cc3c76142a5",
  "generation": 2,
  "iteration": 7,
  "timestamp": 1763085072.01013,
  "parent_id": "7a29e9b3-afa5-4f0e-bf62-0a10bb10bdb0",
  "metrics": {
    "combined_score": 0.8573999999999999,
    "miss_ratio_4": 0.3591,
    "miss_ratio_45": 0.2416,
    "miss_ratio_450": 0.1426
  },
  "language": "python",
  "saved_at": 1763088060.3441908
}